prime,cutoff,prefix_mean_exact,sample_prefix_standard_deviation_exact
2,50,4.4275393495393498,1.1331725844490292
2,250,4.488798002402163,0.62978602838350672
2,500,4.4861965505213224,0.48079499548006099
2,1000,4.4907572586349609,0.36571435513836997
2,2000,4.4944281986802661,0.27515012238177278
2,4000,4.4939602653653488,0.20646928980102169
2,8000,4.4990335896164737,0.15422948432249264
3,50,4.6978445282339143,1.0543498730597314
3,250,4.5009597840504671,0.57817177262349218
3,500,4.4951082132032907,0.43473511462874598
3,1000,4.4994918180982078,0.3275815379357358
3,2000,4.4995441836641623,0.24522982985746136
3,4000,4.4985935580866006,0.18170208433282928
3,8000,4.4992469282711332,0.13412307202515272
5,50,4.2081818248969958,0.64722210251079249
5,250,4.3947066898568385,0.42577459887109809
5,500,4.436095010797418,0.33105041152928133
5,1000,4.4556257646635968,0.2492019824656154
5,2000,4.4737151474299894,0.188694487072915
5,4000,4.4846394510147274,0.14141056666588031
5,8000,4.4921483701273059,0.10517323998160412
7,50,4.3895844866100191,0.79701755409838049
7,250,4.4134541928225266,0.430977091206451
7,500,4.4388700082957007,0.32547905729224891
7,1000,4.4617262492094953,0.24527628461607662
7,2000,4.4790059437780192,0.18453300019225677
7,4000,4.4891520448047331,0.137408940704667
7,8000,4.4942474275230895,0.10153902686845576
11,50,4.100074821797743,0.89426815323289766
11,250,4.4152074074122956,0.48789259180029171
11,500,4.4523290359842562,0.35945766568595289
11,1000,4.47289226077549,0.26566639716939461
11,2000,4.4837018203047334,0.19477870287427643
11,4000,4.4909397024554414,0.14322716950867231
11,8000,4.4951661871397457,0.10473318432698658
13,50,4.402453005250436,0.64180053374684354
13,250,4.5035907148632486,0.35513580765515718
13,500,4.5085585106893422,0.26973436801872941
13,1000,4.5023982376995102,0.20447986669213264
13,2000,4.5013759475403994,0.15268284924005282
13,4000,4.5000641112838284,0.11400574570958137
13,8000,4.499605758463737,0.084473990192053899
17,50,4.5543575572287036,0.56169776738451038
17,250,4.5008917952660017,0.31873439977857282
17,500,4.5032553538202151,0.24463282001640957
17,1000,4.5007279291777085,0.18547811950899909
17,2000,4.499197772636756,0.1391276495200521
17,4000,4.4988229232764896,0.10417550163706044
17,8000,4.4993293351285848,0.077488640366596626
19,50,4.4681908504727925,0.85442462829252552
19,250,4.4794745294188898,0.43164029740741938
19,500,4.4863867508363429,0.31903816289583198
19,1000,4.4962738110652891,0.23553141977642028
19,2000,4.4962426797037844,0.1726313138438379
19,4000,4.4977521638816711,0.12667758653968283
19,8000,4.4987102548452516,0.092732233678515463
23,50,4.41067465851987,0.60768631539785789
23,250,4.4812550134201317,0.33960774711306096
23,500,4.4931821048084277,0.25441655980769934
23,1000,4.498808794815778,0.19066123177105795
23,2000,4.5007198502940744,0.1421922956161166
23,4000,4.5003848672497435,0.10542559678162833
23,8000,4.4999218635048548,0.077980491244528521
29,50,4.3547445526252453,0.64446994114906808
29,250,4.4581946737501337,0.3557019934438112
29,500,4.4694094399165412,0.26594019056128154
29,1000,4.4823254976293381,0.19872056422357873
29,2000,4.4916450970675665,0.14723634176210379
29,4000,4.4955273737925712,0.10872393761639469
29,8000,4.4979844732093559,0.080076108613451449
31,50,4.3907112233769583,0.68655171563827877
31,250,4.4678231487857243,0.35815096453837569
31,500,4.4789411888187916,0.26878406027320262
31,1000,4.48536866263421,0.19981283528370966
31,2000,4.4921700572278898,0.14762668159923503
31,4000,4.4948963013347107,0.10926177453236054
31,8000,4.4969963346146349,0.08029441356711596
37,50,4.4456424245768744,0.51876939309498071
37,250,4.4920259730601568,0.29354402042088373
37,500,4.4996158451427224,0.22426189112471928
37,1000,4.4962158798613032,0.1690386389750356
37,2000,4.497312420464624,0.12629795083637774
37,4000,4.4977643511624716,0.094225131433074594
37,8000,4.4991122565597097,0.07008849680662757
41,50,4.2482233895408674,0.60742980878189945
41,250,4.43970086184801,0.3408366011234551
41,500,4.4626655738147525,0.25663828710009917
41,1000,4.4780874809374991,0.19101420812170025
41,2000,4.4870623689559483,0.14150646290677399
41,4000,4.492342007814667,0.10451051455743993
41,8000,4.4957737701215192,0.076952118011122811
43,50,4.3941528805066294,0.55360009205562621
43,250,4.4660141008986534,0.29523259263301133
43,500,4.4792176298434239,0.22353248168172352
43,1000,4.4923431551893289,0.16840181021813638
43,2000,4.4955038432068752,0.12649947560438676
43,4000,4.4975774880865318,0.094141685295329194
43,8000,4.4983336466465937,0.069830544124229191
47,50,4.3430119782552223,0.61933257344519443
47,250,4.4685954661674243,0.32894300173191343
47,500,4.4820131515431854,0.2469758755594586
47,1000,4.4888088767506913,0.18413762977306442
47,2000,4.4961679886101065,0.13661014001001945
47,4000,4.4983176891787835,0.10109886783823618
47,8000,4.4992349242888983,0.074286788357183664
53,50,4.543308839882422,0.43892072974952978
53,250,4.5073288908635032,0.26258497722770241
53,500,4.5029669180390366,0.20250570256070699
53,1000,4.4983679578209328,0.15346665920400196
53,2000,4.4989596097364313,0.11586012742879408
53,4000,4.4996774721949881,0.086897137221342874
53,8000,4.4998223957880104,0.064730352413770495
59,50,4.5470653414278503,0.70793091137057396
59,250,4.4989633574972547,0.35379212931488246
59,500,4.5005174500445149,0.26434170185997607
59,1000,4.5003505543031901,0.19583422163597036
59,2000,4.501183184802767,0.14419136025024712
59,4000,4.4998325972521345,0.10581662759489058
59,8000,4.4998852219350374,0.077519987563125642
61,50,4.2972114514255404,0.45372412865083878
61,250,4.4303655864581728,0.26938842804682339
61,500,4.4650914015049077,0.20957105439980836
61,1000,4.4807073110725746,0.15934866602129594
61,2000,4.4895001972891304,0.11995412581170298
61,4000,4.4947823982594945,0.089722129591161062
61,8000,4.4972793898154784,0.066677261501598598
67,50,4.3441459163526845,0.77545262681667371
67,250,4.4815758176885865,0.38981225298840844
67,500,4.4849292021485487,0.28718889269869224
67,1000,4.4920599758264386,0.20952891508639895
67,2000,4.4955622668572222,0.15331329254182546
67,4000,4.4971028391357049,0.11189520077305293
67,8000,4.498164842256946,0.081487874170787095
71,50,4.169806583755288,0.53791094831385067
71,250,4.4472691088921641,0.3254502912337266
71,500,4.4725974171748755,0.24559395369906656
71,1000,4.484963903534906,0.1827818661939008
71,2000,4.4913144220562726,0.13499573490537781
71,4000,4.4958390296036752,0.099445357399358114
71,8000,4.4979288376770477,0.073072797275846105
73,50,4.5514454436918497,0.44754658695121574
73,250,4.495306384014266,0.25826758298984814
73,500,4.499373403919515,0.20055998744947084
73,1000,4.5000186927483208,0.15263586604403911
73,2000,4.501325241805489,0.11495970823270692
73,4000,4.501164539194602,0.085833085969390294
73,8000,4.5003661056389479,0.063763523102508476
79,50,4.5729670227908708,0.66378078977316601
79,250,4.5009656272236329,0.33943843673082302
79,500,4.4995724616187438,0.252941165036555
79,1000,4.4969891822869883,0.18629746211341794
79,2000,4.498033720400139,0.13712542683043133
79,4000,4.4986280296535126,0.10061957381600732
79,8000,4.4997794876228898,0.073777168686760014
83,50,4.4592392871840509,0.69852738153790594
83,250,4.4780492244408894,0.35679720442018531
83,500,4.485813903827828,0.26298608912489979
83,1000,4.4910158422885491,0.19325128264935379
83,2000,4.4946028183157116,0.14221431100486007
83,4000,4.4977689802409913,0.10419642209886429
83,8000,4.4985583427164428,0.076192729475645482
89,50,4.6151483712717596,0.7539585666420705
89,250,4.5072223275420065,0.37567540287444007
89,500,4.5033336776774533,0.27523184478042168
89,1000,4.4993059313519135,0.20224770007877033
89,2000,4.4994910951479685,0.14790077425544265
89,4000,4.4990725076474796,0.10806154148477182
89,8000,4.4989587368130914,0.078770542798387799
97,50,4.6588486728185492,0.64480643840136587
97,250,4.5206216145525291,0.33291733558354702
97,500,4.5122741597162319,0.24571968607260838
97,1000,4.5053072963271603,0.18225037405993466
97,2000,4.5016124812494978,0.13426713477996902
97,4000,4.5011470819455841,0.09855619649613577
97,8000,4.5006909061166693,0.072201701276944683
101,50,3.7862853593072052,1.0703908437459666
101,250,4.3497263148191356,0.57755508226229957
101,500,4.4145603750325124,0.42037584702870129
101,1000,4.4537690245407768,0.30426580328355257
101,2000,4.4742670349912173,0.21956201422374244
101,4000,4.4859704300844072,0.15794824043021954
101,8000,4.4924439397054927,0.11342863504248116
103,50,4.2958000593135699,0.60863264778567161
103,250,4.44534979057096,0.32196172242804921
103,500,4.472343852657513,0.24147962512435306
103,1000,4.487678353243945,0.17964799038268262
103,2000,4.4936404961648702,0.13254636003001857
103,4000,4.496177489662041,0.097518359114831601
103,8000,4.497790707984711,0.071482256835923366
107,50,4.3302069460341821,0.62039556904847848
107,250,4.4457136835990925,0.3212247619397347
107,500,4.4731151429893909,0.24124567420949256
107,1000,4.485242198245901,0.17848695702835871
107,2000,4.4920539877376857,0.13193234751919347
107,4000,4.4963003423392376,0.097094065302591487
107,8000,4.4983046569439118,0.071326128594654495
109,50,4.3576198359741012,0.48115451390647274
109,250,4.4673859984626025,0.27009219703025916
109,500,4.4745525643576638,0.20698711071700771
109,1000,4.4860589301894356,0.15546418435915307
109,2000,4.4929697752697662,0.11684876823212692
109,4000,4.4961059338763292,0.087038594193243737
109,8000,4.4976553102115764,0.064264833959389964
113,50,4.3184706723202293,0.54905502887606517
113,250,4.4474827097189849,0.30184235091053085
113,500,4.470315851211959,0.22687502416045535
113,1000,4.486553414908621,0.16971835889546111
113,2000,4.4926447192902472,0.1256369326976382
113,4000,4.4966059981251902,0.092754377877526217
113,8000,4.498499677884495,0.06826659108440257
127,50,4.5025081434822098,0.53053470389803703
127,250,4.4783609503684936,0.2758202155554057
127,500,4.4867854503660363,0.2108835091415949
127,1000,4.4951773730501401,0.15822733156633134
127,2000,4.4962671869702806,0.11814170999073867
127,4000,4.4973155806049974,0.087530724007860314
127,8000,4.4989494494317084,0.064603048385304424
131,50,4.2812414684107782,0.6647559376651897
131,250,4.4373511269404649,0.34361123608150052
131,500,4.4658556795329414,0.25472957293446608
131,1000,4.4804850022956977,0.18731236214749211
131,2000,4.4897319760489864,0.13756754980189531
131,4000,4.4950563347676766,0.10099567650115827
131,8000,4.4970319778645669,0.073744954547813366
137,50,4.4373160313291606,0.480235586457603
137,250,4.4845101653849397,0.2664029854670949
137,500,4.4923159993413231,0.20155687509934206
137,1000,4.4953297413381375,0.15164437962137792
137,2000,4.4966286594949718,0.11339378694458771
137,4000,4.4980766717078051,0.084193364125495801
137,8000,4.4992323307482067,0.062214596778246985
139,50,4.3744629446503289,0.60552991530912137
139,250,4.4667618641768607,0.30934767002592461
139,500,4.4756879317530975,0.22914591743616694
139,1000,4.4878378294899308,0.17171956916470013
139,2000,4.4930360280799073,0.12708224661604511
139,4000,4.4970499100720458,0.093581629385429216
139,8000,4.4985989670061999,0.068659464579265819
149,50,4.3733634212380412,0.68734747592708645
149,250,4.4570669570468171,0.34787516582268568
149,500,4.474679280816809,0.25607736080892152
149,1000,4.4877293863346459,0.18877499010982079
149,2000,4.493164218770608,0.13833456161690255
149,4000,4.4965937410327612,0.10113672874529833
149,8000,4.4981343882832165,0.07380901896824317
151,50,4.3051762406340783,0.60410729836944366
151,250,4.4399435752067538,0.32006521580476288
151,500,4.4633581080417892,0.23945913456436313
151,1000,4.4819013561153342,0.17851736070223923
151,2000,4.4901943316657995,0.13153625912666686
151,4000,4.4951477380595488,0.096342871563647486
151,8000,4.4973609045298524,0.070593676772134753
157,50,4.5684603104721058,0.55337129074591229
157,250,4.5023931126283951,0.29205027967492042
157,500,4.5017073014914049,0.21810042173638441
157,1000,4.4991583551110033,0.1627025111213484
157,2000,4.4999327758327849,0.12046253815511879
157,4000,4.5002072752539251,0.088962116107486028
157,8000,4.4996906299100443,0.065452498722525052
163,50,4.4497201409437448,0.49587594160905896
163,250,4.4810815784154743,0.2727801304464193
163,500,4.4891653766782458,0.20365347033007819
163,1000,4.4947393666495454,0.15243216158361658
163,2000,4.4982564754465528,0.11347381959038656
163,4000,4.4995445816057629,0.084086445726341219
163,8000,4.4996021626889746,0.062083603119100453
167,50,4.5336002467797751,0.59621952035217618
167,250,4.5073125952360229,0.3076859864888421
167,500,4.5029712768642467,0.2290549487570181
167,1000,4.5023394243264852,0.17002717267796419
167,2000,4.5015265010815888,0.12520996027922698
167,4000,4.5004527756370765,0.09203248438283794
167,8000,4.5003377821341335,0.067469148835595433
173,50,4.4876252887112908,0.53820927389182271
173,250,4.5096821456134881,0.28138248000033683
173,500,4.5052421211010358,0.21074695467359894
173,1000,4.5021375223915792,0.15717506233409337
173,2000,4.5007468556539365,0.11668525765495703
173,4000,4.5001354928433699,0.086294360317942395
173,8000,4.5000286419969804,0.06358302135596669
179,50,4.5754746512442797,0.63983331608305849
179,250,4.5390643344826964,0.33168587991206827
179,500,4.5126016419272608,0.24576435871817803
179,1000,4.5069839400686078,0.18013808656041691
179,2000,4.5028005599572163,0.13250042623046243
179,4000,4.5012156353439057,0.09700499422424759
179,8000,4.5005019135812541,0.070881152018792595
181,50,4.26948859417009,0.51498085990513232
181,250,4.4400026447953271,0.27875857014630145
181,500,4.4670498435545856,0.21152968266576078
181,1000,4.4845436605489448,0.15867464221799854
181,2000,4.4905614504493832,0.117610793655983
181,4000,4.4951281194363091,0.086810942173100189
181,8000,4.497555759680278,0.063922997562838937
191,50,4.3803635227658448,0.44627750808908201
191,250,4.4598619061125238,0.25051213786271559
191,500,4.4853632996819179,0.19507938708789607
191,1000,4.4910206827023629,0.14676573533151682
191,2000,4.4962506376826106,0.10973500444737809
191,4000,4.497576215041172,0.081502763028523995
191,8000,4.4987293300617148,0.06027061808712228
193,50,4.4985891294034781,0.38585269756370105
193,250,4.4846841623015763,0.23124390482418908
193,500,4.4876276528935977,0.17644363286102824
193,1000,4.490720395594888,0.1354766907853871
193,2000,4.4952602322486923,0.10232011700471581
193,4000,4.497055926363398,0.076450946260351205
193,8000,4.498327595448437,0.056889540829846305
197,50,4.4883166278120274,0.46780400777833298
197,250,4.4950194280665254,0.26058583030459304
197,500,4.4963872501444744,0.1978702609227839
197,1000,4.5002248894219568,0.14815771278765821
197,2000,4.4995536846220272,0.11034941636178482
197,4000,4.4999401003767705,0.082032488547893953
197,8000,4.500050386920794,0.060665310632480172
199,50,4.5831004253040071,0.57509184420634152
199,250,4.4974639819038309,0.30610284290738493
199,500,4.4986716142921468,0.2281224744183718
199,1000,4.5016615364764867,0.16821519481637837
199,2000,4.5013052034197836,0.12439896972129016
199,4000,4.5005761776220474,0.09140696776250723
199,8000,4.4998862889461231,0.066970769415714865
211,50,4.3859879764495115,0.68412085708239057
211,250,4.4540159490269637,0.33875165551538944
211,500,4.4730568119098395,0.24987402762520622
211,1000,4.4842584716100005,0.18358100193757002
211,2000,4.4905737204881078,0.13453244065291781
211,4000,4.4944026345170647,0.098584611333706468
211,8000,4.497090441792265,0.071961704658348224
223,50,4.444505402420913,0.58999772132322192
223,250,4.4812990126657448,0.30251874665164408
223,500,4.4899136122258252,0.22476096088936498
223,1000,4.4937867429767646,0.16574098986951885
223,2000,4.4987400824484212,0.12226962729991217
223,4000,4.4988543598045236,0.089806946269803109
223,8000,4.4994088844469466,0.065890763862504823
227,50,4.4815681959526632,0.3896278509734501
227,250,4.4950326591675518,0.23745370098438404
227,500,4.5002092637923319,0.18215574483535391
227,1000,4.498857401669424,0.13864150342847731
227,2000,4.5000289334033923,0.10390916662601944
227,4000,4.500048261773415,0.077391080659312592
227,8000,4.4998775552050159,0.05743121874851833
229,50,4.5121443190699937,0.48404622350939019
229,250,4.4954094225251415,0.25958039980539416
229,500,4.4996322591356392,0.19620844119133932
229,1000,4.5008166418310482,0.14669818465610074
229,2000,4.499686799144869,0.1090271090887979
229,4000,4.5000864116218056,0.080716004836085847
229,8000,4.500164775235568,0.059576786956379572
